{
  "feature_order": [
    "temperature",
    "UV_index",
    "humidity",
    "wind_speed",
    "rain_chance"
  ],
  "min_": [
    -0.3396344482898712,
    -0.0032305545173585415,
    -0.25300100445747375,
    -0.001998329069465399,
    -3.085139178438112e-05
  ],
  "scale_": [
    0.03349795565009117,
    0.0836515873670578,
    0.012575911357998848,
    0.02006218396127224,
    0.010043147951364517
  ],
  "data_min_": [
    10.138960838317871,
    0.03861916437745094,
    20.11790657043457,
    0.09960675984621048,
    0.003071884624660015
  ],
  "data_max_": [
    39.99153137207031,
    11.992964744567871,
    99.63500213623047,
    49.94462966918945,
    99.57344818115234
  ],
  "data_range_": [
    29.852569580078125,
    11.954345703125,
    79.51709747314453,
    49.84502410888672,
    99.57037353515625
  ]
}